song_n,artist_n
1,1
2,1
3,1
4,1
5,1
6,1
7,1
8,1
9,1
10,1
11,1
12,1
13,1
14,1
15,2
16,2
17,2
18,2
19,2
20,2
21,2
22,3
23,3
24,3
25,3
26,3
27,3
28,3
29,3
30,3
31,3
32,3
33,3
34,4
35,4
36,4
37,4
38,4
39,4
40,4
41,4
42,4
43,4
44,4
45,4
46,4
47,4
48,4
49,4
50,4
51,4
52,4
53,4
54,4
55,4
56,4
57,4
58,4
59,4
60,4
61,4
62,4
63,4
64,4
65,4
66,4
67,4
68,4
69,4
70,4
71,4
72,4
73,4
74,4
75,4
76,4
77,5
78,5
79,5
80,5
81,5
82,5
83,5
84,5
85,5
86,5
87,5
88,5
89,5
90,5
91,5
92,5
93,5
94,5
95,5
96,5
97,5
98,6
99,6
100,6
101,6
102,6
103,6
104,6
105,6
106,6
107,6
108,6
109,6
110,6
111,6
112,6
113,6
114,6
115,6
116,6
117,6
118,6
119,6
120,6
121,6
122,6
123,6
124,6
125,6
126,6
127,6
128,6
129,6
130,6
131,6
132,6
133,6
134,6
135,6
136,6
137,6
138,6
139,6
140,6
141,6
142,6
143,6
144,6
145,6
146,6
147,6
148,6
149,6
150,6
151,6
152,7
153,7
154,7
155,7
156,7
157,7
158,7
159,7
160,7
161,7
162,7
163,7
164,7
165,7
166,7
167,7
168,7
169,7
170,7
171,7
172,7
173,7
174,7
175,7
176,7
177,7
178,7
179,7
180,7
181,7
182,7
183,7
184,7
185,7
186,7
187,7
188,7
189,7
190,7
191,7
192,7
193,7
194,7
195,7
196,7
197,7
198,7
199,7
200,7
201,7
202,7
203,7
204,7
205,7
206,7
207,7
208,7
209,7
210,7
211,7
212,7
213,7
214,7
215,7
216,7
217,7
218,7
219,7
220,7
221,7
222,7
223,7
224,7
225,7
226,7
227,7
228,7
229,7
230,7
231,7
232,7
233,7
234,7
235,7
236,7
237,7
238,7
239,7
240,7
241,7
242,7
243,7
244,7
245,7
246,7
247,7
248,7
249,7
250,7
251,7
252,7
253,7
254,7
255,7
256,7
257,7
258,7
259,7
260,7
261,7
262,7
263,7
264,8
265,8
266,8
267,8
268,8
269,8
270,8
271,8
272,8
273,8
274,8
275,8
276,8
277,8
278,8
279,8
280,8
281,8
282,8
283,8
284,8
285,8
286,8
287,8
288,8
289,8
290,8
291,8
292,8
293,8
294,8
295,8
296,8
297,8
298,8
299,8
300,9
301,9
302,9
303,9
304,9
305,9
306,9
307,9
308,9
309,9
310,9
311,10
312,10
313,10
314,10
315,10
316,10
317,10
318,10
319,10
320,10
321,10
322,10
323,10
324,10
325,10
326,10
327,10
328,10
329,10
330,10
331,10
332,11
333,11
334,11
335,11
336,11
337,11
338,11
339,11
340,11
341,11
342,11
343,12
344,12
345,12
346,12
347,12
348,12
349,12
350,12
351,12
352,12
353,13
354,13
355,13
356,13
357,13
358,13
359,13
360,13
361,13
362,13
363,13
364,13
365,13
366,13
367,13
368,13
369,13
370,13
371,13
372,13
373,13
374,13
375,13
376,13
377,13
378,13
379,13
380,13
381,13
382,13
383,13
384,14
385,14
386,14
387,14
388,14
389,14
390,14
391,14
392,14
393,14
394,14
395,15
396,15
397,15
398,15
399,15
400,15
401,15
402,15
403,15
404,15
405,15
406,15
407,15
408,15
409,15
410,15
411,15
412,15
413,15
414,15
415,15
416,15
417,15
418,15
419,15
420,15
421,15
422,15
423,15
424,15
425,15
426,15
427,16
428,16
429,16
430,16
431,16
432,16
433,16
434,16
435,16
436,16
437,16
438,16
439,16
440,16
441,16
442,16
443,16
444,16
445,16
446,16
447,16
448,16
449,16
450,16
451,16
452,16
453,16
454,16
455,16
456,16
457,16
458,16
459,16
460,16
461,16
462,16
463,16
464,16
465,16
466,16
467,16
468,16
469,16
470,16
471,17
472,17
473,17
474,17
475,17
476,17
477,17
478,17
479,17
480,17
481,17
482,17
483,17
484,17
485,17
486,17
487,17
488,17
489,17
490,17
491,17
492,17
493,17
494,17
495,18
496,18
497,18
498,18
499,18
500,18
501,18
502,18
503,18
504,18
505,18
506,18
507,18
508,18
509,18
510,18
511,18
512,18
513,18
514,18
515,18
516,18
517,18
518,18
519,18
520,18
521,18
522,18
523,18
524,18
525,18
526,18
527,18
528,18
529,18
530,18
531,18
532,18
533,18
534,18
535,18
536,18
537,18
538,18
539,18
540,18
541,18
542,18
543,18
544,18
545,18
546,18
547,18
548,18
549,18
550,18
551,18
552,18
553,18
554,18
555,18
556,18
557,18
558,18
559,18
560,18
561,18
562,18
563,18
564,18
565,18
566,19
567,19
568,19
569,19
570,19
571,19
572,19
573,19
574,19
575,19
576,19
577,19
578,19
579,19
580,19
581,19
582,19
583,19
584,19
585,19
586,19
587,19
588,19
589,19
590,19
591,19
592,19
593,19
594,19
595,19
596,19
597,19
598,19
599,19
600,19
601,19
602,19
603,19
604,19
605,19
606,19
607,19
608,19
609,20
610,20
611,20
612,20
613,20
614,20
615,20
616,20
617,20
618,20
619,20
620,20
621,20
622,20
623,20
624,20
625,20
626,20
627,20
628,20
629,20
630,20
631,20
632,20
633,20
634,20
635,20
636,20
637,20
638,20
639,20
640,20
641,20
642,21
643,21
644,21
645,21
646,21
647,21
648,21
649,21
650,21
651,21
652,21
653,21
654,21
655,21
656,21
657,21
658,21
659,21
660,21
661,21
662,21
663,21
664,21
665,21
666,21
667,21
668,21
669,21
670,21
671,21
672,21
673,21
674,22
675,22
676,22
677,22
678,22
679,22
680,22
681,22
682,22
683,22
684,22
685,22
686,22
687,22
688,22
689,22
690,22
691,22
692,22
693,22
694,22
695,22
696,22
697,22
698,22
699,22
700,22
701,22
702,22
703,22
704,22
705,22
706,22
707,22
708,22
709,22
710,22
711,22
712,22
713,22
714,22
715,22
716,22
717,22
718,22
719,22
720,22
721,22
722,22
723,22
724,22
725,22
726,22
727,22
728,22
729,22
730,22
731,22
732,22
733,22
734,22
735,22
736,22
737,22
738,22
739,22
740,22
741,22
742,22
743,22
744,22
745,22
746,22
747,22
748,22
749,22
750,22
751,22
752,22
753,22
754,22
755,22
756,22
757,22
758,22
759,22
760,22
761,22
762,22
763,22
764,22
765,22
766,22
767,22
768,22
769,22
770,22
771,22
772,22
773,22
774,23
775,23
776,23
777,23
778,23
779,23
780,23
781,23
782,23
783,23
784,23
785,24
786,24
787,24
788,24
789,24
790,24
791,24
792,24
793,24
794,24
795,24
796,24
797,24
798,24
799,24
800,24
801,24
802,24
803,24
804,24
805,24
806,24
807,24
808,24
809,24
810,24
811,24
812,24
813,24
814,24
815,24
816,24
817,25
818,25
819,25
820,25
821,25
822,25
823,25
824,25
825,25
826,25
827,25
828,26
829,26
830,26
831,26
832,26
833,26
834,26
835,26
836,26
837,26
838,26
839,26
840,26
841,26
842,27
843,27
844,27
845,27
846,27
847,27
848,27
849,27
850,27
851,27
852,28
853,28
854,28
855,28
856,28
857,28
858,28
859,28
860,28
861,28
862,28
863,28
864,28
865,28
866,28
867,28
868,29
869,29
870,29
871,29
872,29
873,29
874,29
875,29
876,29
877,29
878,29
879,29
880,29
881,29
882,29
883,29
884,29
885,29
886,29
887,29
888,29
889,29
890,29
891,29
892,29
893,29
894,30
895,30
896,30
897,30
898,30
899,30
900,30
901,30
902,30
903,30
904,30
905,30
906,30
907,30
908,30
909,30
910,30
911,30
912,30
913,30
914,30
915,30
916,30
917,30
918,30
919,30
920,30
921,30
922,30
923,30
924,30
925,30
926,30
927,30
928,30
929,30
930,30
931,30
932,30
933,30
934,30
935,30
936,30
937,30
938,30
939,30
940,30
941,30
942,30
943,30
944,30
945,30
946,30
947,30
948,30
949,30
950,30
951,31
952,31
953,31
954,31
955,31
956,31
957,31
958,31
959,31
960,31
961,31
962,31
963,31
964,31
965,31
966,31
967,31
968,31
969,31
970,31
971,31
972,31
973,31
974,31
975,31
976,31
977,31
978,31
979,31
980,31
981,31
982,31
983,31
984,31
985,31
986,31
987,31
988,31
989,31
990,31
991,31
992,31
993,31
994,31
995,31
996,31
997,31
998,31
999,31
1000,31
1001,31
1002,31
1003,31
1004,31
1005,31
1006,31
1007,32
1008,32
1009,32
1010,32
1011,32
1012,32
1013,32
1014,32
1015,32
1016,32
1017,32
1018,32
1019,33
1020,33
1021,33
1022,33
1023,33
1024,33
1025,33
1026,33
1027,33
1028,33
1029,33
1030,33
1031,33
1032,33
1033,33
1034,33
1035,33
1036,33
1037,33
1038,33
1039,33
1040,33
1041,33
1042,33
1043,33
1044,33
1045,33
1046,33
1047,33
1048,33
1049,33
1050,33
1051,33
1052,33
1053,33
1054,33
1055,33
1056,33
1057,33
1058,33
1059,33
1060,33
1061,33
1062,33
1063,33
1064,33
1065,33
1066,33
1067,33
1068,33
1069,33
1070,33
1071,33
1072,33
1073,33
1074,33
1075,33
1076,33
1077,33
1078,33
1079,33
1080,33
1081,33
1082,33
1083,33
1084,33
1085,33
1086,33
1087,33
1088,33
1089,33
1090,33
1091,33
1092,33
1093,33
1094,33
1095,33
1096,33
1097,33
1098,33
1099,33
1100,33
1101,33
1102,33
1103,33
1104,33
1105,33
1106,33
1107,33
1108,33
1109,33
1110,33
1111,33
1112,33
1113,33
1114,33
1115,33
1116,33
1117,33
1118,33
1119,33
1120,33
1121,33
1122,33
1123,34
1124,34
1125,34
1126,34
1127,34
1128,34
1129,34
1130,34
1131,34
1132,34
1133,34
1134,34
1135,34
1136,34
1137,34
1138,34
1139,34
1140,34
1141,34
1142,34
1143,34
1144,34
1145,34
1146,34
1147,34
1148,34
1149,34
1150,34
1151,34
1152,34
1153,34
1154,34
1155,34
1156,34
1157,34
1158,34
1159,34
1160,34
1161,34
1162,34
1163,34
1164,34
1165,34
1166,34
1167,34
1168,34
1169,34
1170,34
1171,34
1172,34
1173,34
1174,34
1175,34
1176,34
1177,34
1178,34
1179,34
1180,34
1181,34
1182,34
1183,34
1184,34
1185,34
1186,34
1187,34
1188,34
1189,34
1190,34
1191,34
1192,34
1193,34
1194,34
1195,34
1196,34
1197,34
1198,34
1199,34
1200,34
1201,34
1202,34
1203,34
1204,34
1205,34
1206,34
1207,34
1208,34
1209,34
1210,34
1211,34
1212,34
1213,34
1214,34
1215,34
1216,34
1217,34
1218,34
1219,34
1220,34
1221,34
1222,34
1223,34
1224,34
1225,34
1226,34
1227,34
1228,34
1229,34
1230,34
1231,34
1232,34
1233,34
1234,34
1235,34
1236,34
1237,34
1238,34
1239,34
1240,34
1241,34
1242,34
1243,34
1244,34
1245,34
1246,34
1247,34
1248,34
1249,34
1250,34
1251,34
1252,34
1253,34
1254,34
1255,34
1256,34
1257,34
1258,34
1259,34
1260,34
1261,34
1262,34
1263,34
1264,34
1265,34
1266,34
1267,34
1268,34
1269,34
1270,34
1271,34
1272,34
1273,34
1274,34
1275,35
1276,35
1277,35
1278,35
1279,35
1280,35
1281,35
1282,35
1283,35
1284,35
1285,35
1286,35
1287,35
1288,35
1289,35
1290,35
1291,36
1292,36
1293,36
1294,36
1295,36
1296,36
1297,36
1298,36
1299,36
1300,36
1301,36
1302,36
1303,36
1304,36
1305,36
1306,36
1307,36
1308,36
1309,36
1310,36
1311,36
1312,36
1313,36
1314,36
1315,36
1316,36
1317,36
1318,36
1319,36
1320,36
1321,36
1322,36
1323,36
1324,36
1325,36
1326,36
1327,36
1328,36
1329,36
1330,36
1331,36
1332,36
1333,36
1334,36
1335,36
1336,36
1337,36
1338,36
1339,36
1340,36
1341,36
1342,36
1343,36
1344,36
1345,36
1346,36
1347,36
1348,36
1349,36
1350,36
1351,36
1352,36
1353,36
1354,36
1355,36
1356,36
1357,36
1358,36
1359,36
1360,36
1361,36
1362,36
1363,36
1364,36
1365,36
1366,36
1367,36
1368,36
1369,36
1370,36
1371,36
1372,36
1373,36
1374,36
1375,36
1376,36
1377,36
1378,36
1379,36
1380,36
1381,36
1382,36
1383,36
1384,36
1385,36
1386,36
1387,36
1388,36
1389,36
1390,36
1391,36
1392,36
1393,36
1394,36
1395,36
1396,36
1397,36
1398,36
1399,36
1400,36
1401,36
1402,36
1403,36
1404,36
1405,36
1406,36
1407,36
1408,36
1409,36
1410,36
1411,36
1412,36
1413,36
1414,36
1415,36
1416,36
1417,36
1418,36
1419,36
1420,36
1421,36
1422,36
1423,36
1424,36
1425,36
1426,36
1427,36
1428,36
1429,36
1430,36
1431,36
1432,36
1433,36
1434,36
1435,36
1436,36
1437,36
1438,36
1439,36
1440,36
1441,36
1442,36
1443,36
1444,36
1445,36
1446,36
1447,36
1448,36
1449,36
1450,36
1451,36
1452,36
1453,36
1454,36
1455,36
1456,36
1457,36
1458,36
1459,36
1460,36
1461,36
1462,36
1463,36
1464,36
1465,36
1466,36
1467,36
1468,37
1469,37
1470,37
1471,37
1472,37
1473,37
1474,37
1475,37
1476,37
1477,38
1478,38
1479,38
1480,38
1481,38
1482,38
1483,38
1484,38
1485,38
1486,38
1487,38
1488,38
1489,38
1490,38
1491,38
1492,38
1493,38
1494,38
1495,38
1496,38
1497,38
1498,38
1499,38
1500,38
1501,38
1502,38
1503,38
1504,38
1505,38
1506,38
1507,38
1508,38
1509,38
1510,38
1511,38
1512,38
1513,38
1514,38
1515,38
1516,38
1517,38
1518,38
1519,38
1520,38
1521,38
1522,38
1523,38
1524,38
1525,38
1526,38
1527,38
1528,38
1529,38
1530,38
1531,38
1532,38
1533,38
1534,38
1535,38
1536,38
1537,38
1538,38
1539,38
1540,38
1541,38
1542,38
1543,38
1544,38
1545,38
1546,38
1547,39
1548,39
1549,39
1550,39
1551,39
1552,39
1553,39
1554,39
1555,39
1556,39
1557,39
1558,39
1559,39
1560,39
1561,39
1562,39
1563,39
1564,39
1565,39
1566,39
1567,39
1568,39
1569,39
1570,39
1571,39
1572,39
1573,39
1574,39
1575,39
1576,39
1577,39
1578,39
1579,39
1580,39
1581,39
1582,39
1583,39
1584,39
1585,39
1586,39
1587,39
1588,39
1589,39
1590,39
1591,39
1592,39
1593,39
1594,39
1595,39
1596,39
1597,39
1598,39
1599,39
1600,39
1601,39
1602,39
1603,39
1604,39
1605,39
1606,39
1607,39
1608,39
1609,39
1610,40
1611,40
1612,40
1613,40
1614,40
1615,40
1616,40
1617,40
1618,40
1619,40
1620,40
1621,40
1622,40
1623,40
1624,40
1625,40
1626,40
1627,40
1628,40
1629,40
1630,40
1631,40
1632,40
1633,40
1634,40
1635,40
1636,40
1637,40
1638,41
1639,41
1640,41
1641,41
1642,41
1643,41
1644,41
1645,41
1646,41
1647,41
1648,41
1649,41
1650,41
1651,41
1652,41
1653,42
1654,42
1655,42
1656,42
1657,42
1658,42
1659,42
1660,42
1661,42
1662,42
1663,42
1664,42
1665,42
1666,42
1667,42
1668,42
1669,42
1670,42
1671,42
1672,42
1673,42
1674,42
1675,42
1676,42
1677,42
1678,42
1679,42
1680,42
1681,42
1682,42
1683,42
1684,42
1685,42
1686,42
1687,42
1688,42
1689,42
1690,42
1691,42
1692,43
1693,43
1694,43
1695,43
1696,43
1697,43
1698,43
1699,43
1700,43
1701,43
1702,43
1703,43
1704,43
1705,43
1706,43
1707,43
1708,43
1709,43
1710,43
1711,43
1712,43
1713,43
1714,43
1715,43
1716,43
1717,43
1718,43
1719,43
1720,43
1721,43
1722,43
1723,43
1724,43
1725,43
1726,43
1727,43
1728,43
1729,43
1730,43
1731,43
1732,43
1733,43
1734,43
1735,43
1736,43
1737,43
1738,43
1739,43
1740,43
1741,43
1742,43
1743,43
1744,43
1745,43
1746,43
1747,43
1748,43
1749,43
1750,43
1751,43
1752,43
1753,44
1754,44
1755,44
1756,44
1757,44
1758,44
1759,44
1760,44
1761,44
1762,44
1763,45
1764,45
1765,45
1766,45
1767,45
1768,45
1769,45
1770,45
1771,45
1772,45
1773,45
1774,45
1775,45
1776,45
1777,45
1778,45
1779,45
1780,45
1781,45
1782,45
1783,45
1784,45
1785,45
1786,45
1787,45
1788,45
1789,45
1790,45
1791,45
1792,45
1793,45
1794,45
1795,45
1796,45
1797,45
1798,45
1799,45
1800,45
1801,45
1802,45
1803,45
1804,45
1805,45
1806,45
1807,45
1808,45
1809,45
1810,45
1811,45
1812,45
1813,45
1814,45
1815,45
1816,45
1817,45
1818,45
1819,45
1820,45
1821,45
1822,45
1823,45
1824,45
1825,45
1826,45
1827,45
1828,45
1829,45
1830,45
1831,45
1832,45
1833,45
1834,45
1835,45
1836,45
1837,45
1838,45
1839,45
1840,45
1841,45
1842,45
1843,45
1844,45
1845,45
1846,45
1847,45
1848,45
1849,45
1850,45
1851,45
1852,45
1853,45
1854,45
1855,45
1856,45
1857,45
1858,45
1859,45
1860,45
1861,46
1862,46
1863,46
1864,46
1865,46
1866,46
1867,46
1868,46
1869,46
1870,46
1871,46
1872,46
1873,46
1874,46
1875,46
1876,46
1877,46
1878,46
1879,46
1880,47
1881,47
1882,47
1883,47
1884,47
1885,47
1886,47
1887,47
1888,47
1889,47
1890,47
1891,47
1892,47
1893,48
1894,48
1895,48
1896,48
1897,48
1898,48
1899,48
1900,48
1901,48
1902,48
1903,49
1904,49
1905,49
1906,49
1907,49
1908,49
1909,49
1910,49
1911,49
1912,49
1913,49
1914,49
1915,49
1916,49
1917,49
1918,49
1919,49
1920,49
1921,49
1922,49
1923,49
1924,49
1925,49
1926,49
1927,49
1928,49
1929,49
1930,49
1931,49
1932,49
1933,49
1934,49
1935,49
1936,49
1937,49
1938,49
1939,49
1940,49
1941,49
1942,49
1943,49
1944,49
1945,49
1946,49
1947,49
1948,49
1949,49
1950,49
1951,49
1952,49
1953,49
1954,49
1955,49
1956,49
1957,49
1958,49
1959,49
1960,49
1961,49
1962,49
1963,49
1964,49
1965,49
1966,49
1967,50
1968,50
1969,50
1970,50
1971,50
1972,50
1973,50
1974,50
1975,50
1976,50
1977,50
1978,50
1979,50
1980,50
1981,50
1982,50
1983,50
1984,50
1985,50
1986,50
1987,50
1988,50
1989,50
1990,50
1991,50
1992,50
1993,50
1994,50
1995,50
1996,50
1997,50
1998,50
1999,50
2000,50
2001,50
2002,50
2003,50
2004,50
2005,50
2006,50
2007,50
2008,50
2009,50
2010,50
2011,50
2012,50
2013,50
2014,50
2015,50
2016,50
2017,50
2018,50
2019,51
2020,51
2021,51
2022,51
2023,51
2024,51
2025,51
2026,51
2027,51
2028,52
2029,52
2030,52
2031,52
2032,52
2033,52
2034,52
2035,52
2036,52
2037,52
2038,52
2039,52
2040,52
2041,52
2042,52
2043,52
2044,52
2045,52
2046,52
2047,52
2048,52
2049,52
2050,52
2051,52
2052,52
2053,52
2054,53
2055,53
2056,53
2057,53
2058,53
2059,53
2060,53
2061,53
2062,53
2063,53
2064,53
2065,53
2066,54
2067,54
2068,54
2069,54
2070,54
2071,54
2072,54
2073,54
2074,54
2075,54
2076,55
2077,55
2078,55
2079,55
2080,55
2081,55
2082,55
2083,55
2084,55
2085,55
2086,55
2087,55
2088,55
2089,55
2090,55
2091,55
2092,55
2093,55
2094,55
2095,55
2096,55
2097,55
2098,55
2099,55
2100,55
2101,55
2102,55
2103,55
2104,55
2105,56
2106,56
2107,56
2108,56
2109,56
2110,56
2111,56
2112,56
2113,56
2114,56
2115,57
2116,57
2117,57
2118,57
2119,57
2120,57
2121,57
2122,57
2123,57
2124,57
2125,57
2126,57
2127,57
2128,57
2129,57
2130,57
2131,57
2132,57
2133,57
2134,57
2135,57
2136,57
2137,57
2138,57
2139,57
2140,57
2141,57
2142,57
2143,57
2144,57
2145,57
2146,57
2147,57
2148,57
2149,57
2150,57
2151,57
2152,57
2153,57
2154,57
2155,57
2156,57
2157,57
2158,57
2159,57
2160,57
2161,57
2162,57
2163,57
2164,57
2165,57
2166,57
2167,57
2168,57
2169,57
2170,57
2171,57
2172,57
2173,57
2174,57
2175,57
2176,57
2177,57
2178,57
2179,57
2180,57
2181,57
2182,57
2183,57
2184,58
2185,58
2186,58
2187,58
2188,58
2189,58
2190,58
2191,58
2192,58
2193,58
2194,58
2195,58
2196,58
2197,58
2198,58
2199,58
2200,58
2201,58
2202,58
2203,58
2204,58
2205,58
2206,58
2207,58
2208,58
2209,58
2210,58
2211,58
2212,58
2213,58
2214,58
2215,58
2216,58
2217,58
2218,58
2219,58
2220,58
2221,58
2222,58
2223,58
2224,58
2225,58
2226,58
2227,58
2228,58
2229,58
2230,58
2231,58
2232,58
2233,58
2234,58
2235,58
2236,58
2237,58
2238,58
2239,58
2240,58
2241,58
2242,58
2243,58
2244,58
2245,58
2246,58
2247,58
2248,58
2249,58
2250,58
2251,58
2252,58
2253,58
2254,58
2255,58
2256,58
2257,58
2258,58
2259,58
2260,58
2261,58
2262,58
2263,59
2264,59
2265,59
2266,59
2267,59
2268,59
2269,59
2270,59
2271,59
2272,59
2273,59
2274,59
2275,60
2276,60
2277,60
2278,60
2279,60
2280,60
2281,60
2282,60
2283,60
2284,60
2285,60
2286,60
2287,60
2288,60
2289,60
2290,60
2291,60
2292,60
2293,60
2294,60
2295,60
2296,60
2297,60
2298,60
2299,60
2300,60
2301,60
2302,60
2303,60
2304,60
2305,60
2306,60
2307,60
2308,60
2309,60
2310,60
2311,60
2312,60
2313,60
2314,60
2315,60
2316,60
2317,60
2318,60
2319,60
2320,60
2321,60
2322,60
2323,60
2324,60
2325,60
2326,60
2327,60
2328,60
2329,60
2330,60
2331,60
2332,60
2333,60
2334,60
2335,60
2336,60
2337,60
2338,61
2339,61
2340,61
2341,61
2342,61
2343,61
2344,61
2345,61
2346,61
2347,61
2348,61
2349,61
2350,61
2351,61
2352,61
2353,61
2354,61
2355,61
2356,61
2357,62
2358,62
2359,62
2360,62
2361,62
2362,62
2363,62
2364,62
2365,62
2366,62
2367,63
2368,63
2369,63
2370,63
2371,63
2372,63
2373,63
2374,63
2375,63
2376,63
2377,63
2378,63
2379,63
2380,63
2381,63
2382,63
2383,63
2384,64
2385,64
2386,64
2387,64
2388,64
2389,64
2390,64
2391,64
2392,65
2393,65
2394,65
2395,65
2396,65
2397,65
2398,65
2399,65
2400,65
2401,65
2402,65
2403,65
2404,65
2405,66
2406,66
2407,66
2408,66
2409,66
2410,66
2411,66
2412,66
2413,66
2414,66
2415,66
2416,66
2417,66
2418,66
2419,66
2420,66
2421,66
2422,66
2423,66
2424,66
2425,66
2426,66
2427,66
2428,66
2429,66
2430,66
2431,66
2432,66
2433,66
2434,66
2435,66
2436,66
2437,66
2438,66
2439,66
2440,66
2441,67
2442,67
2443,67
2444,67
2445,67
2446,67
2447,67
2448,67
2449,67
2450,67
2451,67
2452,67
2453,67
2454,67
2455,67
2456,67
2457,67
2458,67
2459,67
2460,67
2461,67
2462,67
2463,67
2464,67
2465,67
2466,67
2467,67
2468,67
2469,67
2470,67
2471,67
2472,67
2473,67
2474,67
2475,67
2476,67
2477,67
2478,67
2479,67
2480,67
2481,67
2482,67
2483,67
2484,67
2485,67
2486,67
2487,67
2488,67
2489,67
2490,67
2491,67
2492,67
2493,67
2494,67
2495,68
2496,68
2497,68
2498,68
2499,68
2500,68
2501,68
2502,68
2503,68
2504,68
2505,68
2506,68
2507,69
2508,69
2509,69
2510,69
2511,69
2512,69
2513,69
2514,69
2515,69
2516,69
2517,69
2518,69
2519,69
2520,69
2521,69
2522,69
2523,69
2524,69
2525,69
2526,69
2527,69
2528,69
2529,69
2530,69
2531,69
2532,69
2533,69
2534,69
2535,69
2536,69
2537,69
2538,69
2539,69
2540,69
2541,69
2542,69
2543,69
2544,69
2545,69
2546,69
2547,69
2548,69
2549,69
2550,69
2551,69
2552,69
2553,69
2554,69
2555,69
2556,69
2557,69
2558,69
2559,69
2560,69
2561,69
2562,69
2563,69
2564,69
2565,69
2566,69
2567,69
2568,69
2569,69
2570,69
2571,69
2572,69
2573,69
2574,69
2575,69
2576,69
2577,69
2578,69
2579,70
2580,70
2581,70
2582,70
2583,70
2584,70
2585,70
2586,71
2587,71
2588,71
2589,71
2590,71
2591,71
2592,71
2593,71
2594,71
2595,71
2596,71
2597,71
2598,71
2599,71
2600,71
2601,71
2602,71
2603,71
2604,71
2605,71
2606,71
2607,71
2608,71
2609,71
2610,71
2611,71
2612,71
2613,71
2614,71
2615,71
2616,71
2617,71
2618,71
2619,71
2620,71
2621,71
2622,71
2623,71
2624,72
2625,72
2626,72
2627,72
2628,72
2629,72
2630,72
2631,72
2632,72
2633,72
2634,72
2635,72
2636,72
2637,72
2638,72
2639,72
2640,72
2641,72
2642,72
2643,72
2644,72
2645,72
2646,73
2647,73
2648,73
2649,73
2650,73
2651,73
2652,73
2653,73
2654,73
2655,73
2656,73
2657,73
2658,73
2659,73
2660,73
2661,74
2662,74
2663,74
2664,74
2665,74
2666,74
2667,74
2668,74
2669,74
2670,74
2671,74
2672,74
2673,74
2674,74
2675,74
2676,74
2677,74
2678,74
2679,74
2680,74
2681,74
2682,74
2683,74
2684,74
2685,74
2686,74
2687,74
2688,74
2689,74
2690,74
2691,74
2692,74
2693,74
2694,74
2695,74
2696,74
2697,74
2698,74
2699,74
2700,74
2701,74
2702,74
2703,74
2704,74
2705,74
2706,74
2707,74
2708,74
2709,74
2710,74
2711,74
2712,74
2713,75
2714,75
2715,75
2716,75
2717,75
2718,75
2719,76
2720,76
2721,76
2722,76
2723,76
2724,76
2725,76
2726,76
2727,76
2728,76
2729,76
2730,76
2731,76
2732,76
2733,76
2734,76
2735,76
2736,76
2737,76
2738,76
2739,76
2740,76
2741,76
2742,76
2743,76
2744,76
2745,76
2746,76
2747,76
2748,76
2749,76
2750,76
2751,76
2752,76
2753,76
2754,77
2755,77
2756,77
2757,77
2758,77
2759,77
2760,77
2761,77
2762,77
2763,78
2764,78
2765,78
2766,78
2767,78
2768,78
2769,78
2770,78
2771,78
2772,78
2773,78
2774,78
2775,79
2776,79
2777,79
2778,79
2779,79
2780,79
2781,79
2782,79
2783,79
2784,79
2785,79
2786,79
2787,79
2788,79
2789,79
2790,79
2791,79
2792,79
2793,79
2794,79
2795,79
2796,79
2797,79
2798,79
2799,79
2800,79
2801,79
2802,79
2803,79
2804,79
2805,79
2806,79
2807,79
2808,79
2809,80
2810,80
2811,80
2812,80
2813,80
2814,80
2815,80
2816,80
2817,80
2818,80
2819,80
2820,80
2821,80
2822,80
2823,80
2824,80
2825,80
2826,80
2827,80
2828,80
2829,80
2830,80
2831,80
2832,80
2833,80
2834,80
2835,80
2836,80
2837,80
2838,80
2839,80
2840,81
2841,81
2842,81
2843,81
2844,81
2845,81
2846,82
2847,82
2848,82
2849,82
2850,82
2851,82
2852,82
2853,82
2854,82
2855,83
2856,83
2857,83
2858,83
2859,83
2860,83
2861,83
2862,83
2863,83
2864,83
2865,83
2866,83
2867,83
2868,83
2869,83
2870,83
2871,83
2872,83
2873,83
2874,83
2875,83
2876,83
2877,83
2878,83
2879,83
2880,83
2881,83
2882,83
2883,83
2884,83
2885,83
2886,83
2887,83
2888,83
2889,83
2890,83
2891,83
2892,83
2893,83
2894,83
2895,83
2896,83
2897,83
2898,83
2899,83
2900,83
2901,83
2902,83
2903,83
2904,83
2905,83
2906,83
2907,83
2908,83
2909,83
2910,83
2911,83
2912,83
2913,83
2914,83
2915,83
2916,83
2917,83
2918,83
2919,83
2920,83
2921,83
2922,83
2923,83
2924,83
2925,83
2926,83
2927,84
2928,84
2929,84
2930,84
2931,84
2932,84
2933,84
2934,84
2935,84
2936,84
2937,84
2938,84
2939,84
2940,84
2941,84
2942,84
2943,84
2944,84
2945,84
2946,84
2947,84
2948,84
2949,84
2950,84
2951,84
2952,84
2953,84
2954,84
2955,84
2956,84
2957,84
2958,84
2959,84
2960,84
2961,84
2962,84
2963,84
2964,84
2965,84
2966,84
2967,84
2968,84
2969,84
2970,84
2971,84
2972,84
2973,84
2974,84
2975,84
2976,84
2977,84
2978,84
2979,84
2980,85
2981,85
2982,85
2983,85
2984,85
2985,85
2986,85
2987,85
2988,85
2989,86
2990,86
2991,86
2992,86
2993,86
2994,86
2995,86
2996,86
2997,86
2998,86
2999,86
3000,86
3001,86
3002,86
3003,86
3004,87
3005,87
3006,87
3007,87
3008,87
3009,87
3010,87
3011,87
3012,87
3013,87
3014,87
3015,87
3016,87
3017,87
3018,87
3019,87
3020,87
3021,87
3022,87
3023,87
3024,87
3025,87
3026,87
3027,88
3028,88
3029,88
3030,88
3031,88
3032,88
3033,88
3034,88
3035,88
3036,88
3037,89
3038,89
3039,89
3040,89
3041,89
3042,89
3043,89
3044,89
3045,89
3046,89
3047,89
3048,89
3049,89
3050,89
3051,89
3052,89
3053,89
3054,89
3055,89
3056,89
3057,89
3058,89
3059,89
3060,89
3061,89
3062,89
3063,89
3064,89
3065,89
3066,89
3067,89
3068,89
3069,89
3070,89
3071,89
3072,89
3073,89
3074,89
3075,89
3076,89
3077,89
3078,89
3079,89
3080,89
3081,90
3082,90
3083,90
3084,90
3085,90
3086,90
3087,90
3088,90
3089,90
3090,90
3091,90
3092,90
3093,90
3094,90
3095,90
3096,90
3097,90
3098,90
3099,90
3100,90
3101,90
3102,90
3103,90
3104,90
3105,90
3106,90
3107,90
3108,90
3109,90
3110,90
3111,90
3112,90
3113,90
3114,90
3115,90
3116,90
3117,90
3118,90
3119,90
3120,90
3121,90
3122,90
3123,90
3124,90
3125,90
3126,90
3127,90
3128,90
3129,90
3130,90
3131,90
3132,90
3133,90
3134,90
3135,90
3136,91
3137,91
3138,91
3139,91
3140,91
3141,91
3142,91
3143,91
3144,91
3145,91
3146,91
3147,91
3148,91
3149,91
3150,91
3151,91
3152,91
3153,91
3154,91
3155,91
3156,91
3157,91
3158,91
3159,91
3160,91
3161,91
3162,91
3163,91
3164,91
3165,92
3166,92
3167,92
3168,92
3169,92
3170,92
3171,92
3172,92
3173,92
3174,92
3175,92
3176,92
3177,93
3178,93
3179,93
3180,93
3181,93
3182,93
3183,93
3184,93
3185,93
3186,93
3187,93
3188,93
3189,93
3190,93
3191,93
3192,93
3193,93
3194,93
3195,93
3196,93
3197,93
3198,93
3199,93
3200,93
3201,93
3202,93
3203,93
3204,93
3205,93
3206,93
3207,93
3208,93
3209,93
3210,93
3211,93
3212,93
3213,93
3214,93
3215,93
3216,93
3217,93
3218,93
3219,93
3220,93
3221,93
3222,93
3223,93
3224,93
3225,93
3226,93
3227,93
3228,93
3229,93
3230,93
3231,93
3232,93
3233,93
3234,93
3235,93
3236,93
3237,93
3238,93
3239,93
3240,93
3241,93
3242,93
3243,93
3244,93
3245,93
3246,93
3247,93
3248,93
3249,93
3250,94
3251,94
3252,94
3253,94
3254,94
3255,94
3256,94
3257,94
3258,94
3259,94
3260,94
3261,94
3262,94
3263,94
3264,94
3265,94
3266,94
3267,94
3268,94
3269,94
3270,94
3271,94
3272,94
3273,94
3274,94
3275,94
3276,94
3277,94
3278,94
3279,94
3280,94
3281,94
3282,94
3283,94
3284,94
3285,94
3286,94
3287,94
3288,94
3289,94
3290,94
3291,94
3292,94
3293,94
3294,94
3295,94
3296,94
3297,94
3298,94
3299,94
3300,95
3301,95
3302,95
3303,95
3304,95
3305,95
3306,95
3307,95
3308,95
3309,95
3310,95
3311,95
3312,95
3313,95
3314,95
3315,95
3316,95
3317,95
3318,95
3319,95
3320,95
3321,95
3322,95
3323,95
3324,95
3325,95
3326,95
3327,95
3328,95
3329,95
3330,95
3331,95
3332,95
3333,95
3334,95
3335,95
3336,95
3337,95
3338,95
3339,95
3340,95
3341,95
3342,95
3343,95
3344,95
3345,95
3346,95
3347,95
3348,95
3349,95
3350,95
3351,95
3352,95
3353,95
3354,95
3355,95
3356,95
3357,95
3358,95
3359,95
3360,95
3361,95
3362,95
3363,95
3364,95
3365,95
3366,95
3367,95
3368,95
3369,95
3370,95
3371,95
3372,95
3373,95
3374,95
3375,95
3376,95
3377,95
3378,95
3379,95
3380,95
3381,95
3382,95
3383,95
3384,95
3385,95
3386,95
3387,95
3388,95
3389,96
3390,96
3391,96
3392,96
3393,96
3394,96
3395,96
3396,96
3397,96
3398,96
3399,96
3400,96
3401,96
3402,96
3403,96
3404,96
3405,96
3406,96
3407,96
3408,96
3409,96
3410,96
3411,96
3412,96
3413,96
3414,96
3415,96
3416,96
3417,96
3418,96
3419,96
3420,96
3421,96
3422,96
3423,96
3424,96
3425,96
3426,96
3427,96
3428,96
3429,96
3430,96
3431,96
3432,96
3433,96
3434,96
3435,96
3436,96
3437,96
3438,96
3439,96
3440,96
3441,96
3442,96
3443,96
3444,96
3445,96
3446,96
3447,96
3448,96
3449,96
3450,96
3451,96
3452,96
3453,96
3454,96
3455,96
3456,96
3457,96
3458,96
3459,96
3460,96
3461,96
3462,96
3463,96
3464,96
3465,96
3466,96
3467,96
3468,96
3469,96
3470,96
3471,96
3472,96
3473,96
3474,96
3475,96
3476,96
3477,96
3478,96
3479,96
3480,96
3481,96
3482,96
3483,96
3484,96
3485,96
3486,96
3487,96
3488,96
3489,96
3490,96
3491,96
3492,96
3493,96
3494,96
3495,96
3496,96
3497,96
3498,96
3499,96
3500,96
3501,96
3502,96
3503,96
3504,96
3505,97
3506,97
3507,97
3508,97
3509,97
3510,97
3511,97
3512,97
3513,97
3514,97
3515,97
3516,97
3517,97
3518,97
3519,97
3520,97
3521,97
3522,97
3523,97
3524,97
3525,97
3526,97
3527,97
3528,97
3529,97
3530,97
3531,97
3532,97
3533,97
3534,97
3535,97
3536,97
3537,97
3538,97
3539,97
3540,97
3541,97
3542,97
3543,97
3544,97
3545,97
3546,97
3547,97
3548,97
3549,97
3550,98
3551,98
3552,98
3553,98
3554,98
3555,98
3556,98
3557,98
3558,98
3559,98
3560,98
3561,98
3562,98
3563,98
3564,98
3565,98
3566,98
3567,98
3568,98
3569,98
3570,98
3571,98
3572,98
3573,98
3574,98
3575,98
3576,98
3577,98
3578,98
3579,98
3580,98
3581,98
3582,98
3583,98
3584,98
3585,99
3586,99
3587,99
3588,99
3589,99
3590,99
3591,99
3592,99
3593,99
3594,99
3595,99
3596,99
3597,100
3598,100
3599,100
3600,100
3601,100
3602,100
3603,100
3604,100
3605,100
3606,100
3607,100
3608,100
3609,100
3610,100
3611,100
3612,100
3613,100
3614,100
3615,100
3616,100
3617,100
3618,100
3619,100
3620,100
3621,100
3622,100
3623,100
3624,100
3625,100
3626,100
3627,101
3628,101
3629,101
3630,101
3631,101
3632,101
3633,101
3634,101
3635,101
3636,101
3637,101
3638,101
3639,101
3640,102
3641,102
3642,102
3643,102
3644,102
3645,102
3646,102
3647,102
3648,102
3649,102
3650,102
3651,103
3652,103
3653,103
3654,103
3655,103
3656,103
3657,103
3658,103
3659,103
3660,103
3661,103
3662,103
3663,103
3664,103
3665,103
3666,103
3667,103
3668,103
3669,103
3670,103
3671,103
3672,103
3673,103
3674,103
3675,103
3676,103
3677,103
3678,103
3679,103
3680,103
3681,103
3682,103
3683,103
3684,103
3685,103
3686,103
3687,104
3688,104
3689,104
3690,104
3691,104
3692,104
3693,104
3694,104
3695,104
3696,104
3697,104
3698,104
3699,104
3700,104
3701,104
3702,104
3703,104
3704,104
3705,104
3706,104
3707,104
3708,104
3709,104
3710,104
3711,104
3712,104
3713,104
3714,104
3715,104
3716,104
3717,105
3718,105
3719,105
3720,105
3721,105
3722,105
3723,105
3724,105
3725,105
3726,105
3727,106
3728,106
3729,106
3730,106
3731,106
3732,106
3733,106
3734,106
3735,106
3736,106
3737,106
3738,106
3739,106
3740,106
3741,106
3742,106
3743,106
3744,106
3745,106
3746,106
3747,106
3748,106
3749,106
3750,106
3751,106
3752,106
3753,106
3754,107
3755,107
3756,107
3757,107
3758,107
3759,107
3760,107
3761,107
3762,107
3763,107
3764,107
3765,107
3766,107
3767,107
3768,107
3769,107
3770,107
3771,107
3772,107
3773,107
3774,107
3775,107
3776,107
3777,107
3778,107
3779,107
3780,108
3781,108
3782,108
3783,108
3784,108
3785,108
3786,108
3787,108
3788,108
3789,108
3790,109
3791,109
3792,109
3793,109
3794,109
3795,109
3796,109
3797,110
3798,110
3799,110
3800,110
3801,110
3802,110
3803,110
3804,110
3805,110
3806,110
3807,110
3808,111
3809,111
3810,111
3811,111
3812,111
3813,111
3814,111
3815,111
3816,111
3817,111
3818,111
3819,111
3820,111
3821,111
3822,111
3823,111
3824,111
3825,111
3826,111
3827,111
3828,111
3829,111
3830,111
3831,111
3832,111
3833,111
3834,111
3835,111
3836,111
3837,111
3838,111
3839,111
3840,111
3841,111
3842,111
3843,111
3844,111
3845,111
3846,111
3847,111
3848,111
3849,111
3850,111
3851,111
3852,111
3853,111
3854,111
3855,111
3856,111
3857,111
3858,111
3859,111
3860,111
3861,111
3862,111
3863,111
3864,111
3865,112
3866,112
3867,112
3868,112
3869,112
3870,112
3871,112
3872,112
3873,112
3874,112
3875,112
3876,112
3877,112
3878,112
3879,112
3880,112
3881,112
3882,112
3883,112
3884,112
3885,112
3886,112
3887,112
3888,112
3889,112
3890,112
3891,112
3892,112
3893,112
3894,112
3895,112
3896,112
3897,112
3898,112
3899,112
3900,112
3901,112
3902,113
3903,113
3904,113
3905,113
3906,113
3907,113
3908,113
3909,113
3910,113
3911,113
3912,113
3913,113
3914,113
3915,113
3916,113
3917,113
3918,113
3919,113
3920,113
3921,113
3922,113
3923,113
3924,113
3925,113
3926,113
3927,113
3928,113
3929,113
3930,113
3931,113
3932,113
3933,113
3934,113
3935,113
3936,113
3937,113
3938,113
3939,113
3940,113
3941,113
3942,113
3943,113
3944,113
3945,113
3946,113
3947,113
3948,113
3949,113
3950,113
3951,113
3952,113
3953,113
3954,113
3955,113
3956,113
3957,113
3958,113
3959,113
3960,113
3961,113
3962,113
3963,113
3964,113
3965,113
3966,113
3967,113
3968,113
3969,113
3970,114
3971,114
3972,114
3973,114
3974,114
3975,114
3976,114
3977,114
3978,114
3979,114
3980,114
3981,114
3982,114
3983,114
3984,114
3985,114
3986,114
3987,114
3988,114
3989,114
3990,114
3991,114
3992,114
3993,114
3994,114
3995,114
3996,114
3997,114
3998,114
3999,114
4000,114
4001,114
4002,114
4003,114
4004,114
4005,114
4006,114
4007,114
4008,114
4009,114
4010,114
4011,114
4012,114
4013,114
4014,114
4015,114
4016,114
4017,114
4018,114
4019,114
4020,114
4021,114
4022,114
4023,114
4024,114
4025,114
4026,114
4027,114
4028,114
4029,114
4030,114
4031,114
4032,114
4033,114
4034,114
4035,114
4036,114
4037,114
4038,114
4039,114
4040,114
4041,114
4042,114
4043,114
4044,114
4045,114
4046,114
4047,114
4048,114
4049,114
4050,114
4051,115
4052,115
4053,115
4054,115
4055,115
4056,115
4057,115
4058,115
4059,115
4060,115
4061,115
4062,115
4063,115
4064,115
4065,115
4066,115
4067,115
4068,115
4069,115
4070,115
4071,115
4072,115
4073,115
4074,115
4075,115
4076,115
4077,115
4078,115
4079,115
4080,115
4081,115
4082,115
4083,115
4084,115
4085,115
4086,115
4087,115
4088,115
4089,115
4090,115
4091,115
4092,115
4093,115
4094,115
4095,115
4096,115
4097,115
4098,115
4099,115
4100,115
4101,115
4102,115
4103,115
4104,115
4105,115
4106,115
4107,115
4108,115
4109,115
4110,115
4111,115
4112,115
4113,115
4114,116
4115,116
4116,116
4117,116
4118,116
4119,116
4120,116
4121,116
4122,116
4123,116
4124,116
4125,116
4126,116
4127,116
4128,116
4129,116
4130,116
4131,116
4132,116
4133,116
4134,116
4135,116
4136,116
4137,116
4138,116
4139,116
4140,116
4141,116
4142,116
4143,116
4144,116
4145,116
4146,116
4147,116
4148,117
4149,117
4150,117
4151,117
4152,117
4153,117
4154,117
4155,117
4156,117
4157,117
4158,117
4159,117
4160,117
4161,117
4162,117
4163,117
4164,117
4165,117
4166,117
4167,117
4168,117
4169,117
4170,117
4171,117
4172,117
4173,117
4174,117
4175,117
4176,117
4177,117
4178,117
4179,117
4180,117
4181,117
4182,117
4183,117
4184,117
4185,117
4186,117
4187,117
4188,117
4189,118
4190,118
4191,118
4192,118
4193,118
4194,118
4195,118
4196,118
4197,118
4198,118
4199,118
4200,119
4201,119
4202,119
4203,119
4204,119
4205,119
4206,119
4207,120
4208,120
4209,120
4210,120
4211,120
4212,120
4213,120
4214,120
4215,120
4216,120
4217,120
4218,120
4219,121
4220,121
4221,121
4222,121
4223,121
4224,121
4225,121
4226,121
4227,121
4228,121
4229,121
4230,121
4231,121
4232,121
4233,121
4234,121
4235,121
4236,121
4237,121
4238,121
4239,121
4240,121
4241,121
4242,121
4243,121
4244,121
4245,121
4246,121
4247,121
4248,121
4249,121
4250,121
4251,121
4252,121
4253,121
4254,121
4255,121
4256,121
4257,121
4258,121
4259,121
4260,121
4261,121
4262,121
4263,121
4264,121
4265,121
4266,121
4267,121
4268,121
4269,121
4270,121
4271,121
4272,121
4273,121
4274,121
4275,121
4276,121
4277,121
4278,121
4279,121
4280,121
4281,121
4282,121
4283,121
4284,121
4285,121
4286,121
4287,121
4288,121
4289,121
4290,121
4291,121
4292,121
4293,121
4294,121
4295,121
4296,121
4297,121
4298,121
4299,121
4300,121
4301,121
4302,121
4303,121
4304,121
4305,122
4306,122
4307,122
4308,122
4309,122
4310,122
4311,122
4312,122
4313,122
4314,122
4315,122
4316,122
4317,122
4318,122
4319,122
4320,122
4321,122
4322,122
4323,122
4324,122
4325,122
4326,122
4327,122
4328,122
4329,122
4330,122
4331,122
4332,122
4333,122
4334,122
4335,122
4336,122
4337,122
4338,123
4339,123
4340,123
4341,123
4342,123
4343,123
4344,123
4345,123
4346,123
4347,123
4348,123
4349,123
4350,123
4351,123
4352,123
4353,123
4354,123
4355,123
4356,123
4357,123
4358,123
4359,123
4360,123
4361,123
4362,123
4363,123
4364,123
4365,123
4366,123
4367,123
4368,123
4369,123
4370,123
4371,123
4372,123
4373,123
4374,123
4375,123
4376,123
4377,123
4378,123
4379,123
4380,123
4381,123
4382,123
4383,123
4384,123
4385,123
4386,123
4387,123
4388,123
4389,123
4390,123
4391,123
4392,123
4393,123
4394,123
4395,123
4396,123
4397,123
4398,123
4399,123
4400,124
4401,124
4402,124
4403,124
4404,124
4405,124
4406,124
4407,124
4408,124
4409,124
4410,124
4411,124
4412,124
4413,124
4414,124
4415,124
4416,124
4417,124
4418,124
4419,124
4420,124
4421,124
4422,124
4423,124
4424,124
4425,124
4426,124
4427,124
4428,124
4429,124
4430,124
4431,124
4432,124
4433,124
4434,124
4435,124
4436,124
4437,124
4438,124
4439,124
4440,124
4441,124
4442,124
4443,124
4444,124
4445,124
4446,124
4447,124
4448,124
4449,124
4450,124
4451,124
4452,124
4453,124
4454,124
4455,124
4456,124
4457,124
4458,124
4459,124
4460,124
4461,124
4462,124
4463,124
4464,124
4465,124
4466,124
4467,124
4468,124
4469,124
4470,124
4471,124
4472,124
4473,124
4474,124
4475,124
4476,124
4477,124
4478,124
4479,124
4480,124
4481,124
4482,124
4483,124
4484,124
4485,124
4486,124
4487,124
4488,124
4489,124
4490,124
4491,124
4492,124
4493,124
4494,124
4495,124
4496,124
4497,124
4498,124
4499,124
4500,124
4501,124
4502,124
4503,124
4504,124
4505,124
4506,124
4507,124
4508,124
4509,124
4510,124
4511,124
4512,124
4513,124
4514,124
4515,124
4516,124
4517,124
4518,124
4519,124
4520,124
4521,124
4522,124
4523,124
4524,124
4525,124
4526,124
4527,124
4528,124
4529,124
4530,124
4531,124
4532,124
4533,124
4534,124
4535,124
4536,124
4537,124
4538,124
4539,124
4540,124
4541,124
4542,124
4543,124
4544,124
4545,124
4546,124
4547,124
4548,124
4549,124
4550,124
4551,124
4552,124
4553,124
4554,124
4555,124
4556,124
4557,124
4558,124
4559,124
4560,124
4561,124
4562,124
4563,124
4564,124
4565,124
4566,124
4567,124
4568,124
4569,124
4570,124
4571,124
4572,124
4573,124
4574,124
4575,124
4576,124
4577,124
4578,124
4579,124
4580,124
4581,124
4582,124
4583,124
4584,124
4585,124
4586,124
4587,124
4588,124
4589,124
4590,124
4591,124
4592,124
4593,124
4594,124
4595,124
4596,124
4597,124
4598,124
4599,124
4600,124
4601,124
4602,124
4603,124
4604,124
4605,124
4606,125
4607,125
4608,125
4609,125
4610,125
4611,125
4612,125
4613,126
4614,126
4615,126
4616,126
4617,126
4618,126
4619,126
4620,126
4621,126
4622,126
4623,126
4624,126
4625,126
4626,126
4627,126
4628,126
4629,126
4630,126
4631,126
4632,126
4633,126
4634,126
4635,126
4636,126
4637,126
4638,126
4639,126
4640,126
4641,126
4642,126
4643,126
4644,126
4645,126
4646,126
4647,126
4648,126
4649,126
4650,126
4651,126
4652,126
4653,126
4654,126
4655,126
4656,126
4657,126
4658,126
4659,126
4660,126
4661,126
4662,126
4663,127
4664,127
4665,127
4666,127
4667,127
4668,127
4669,127
4670,127
4671,127
4672,127
4673,127
4674,127
4675,127
4676,127
4677,127
4678,127
4679,127
4680,127
4681,127
4682,127
4683,127
4684,127
4685,127
4686,127
4687,127
4688,127
4689,127
4690,127
4691,127
4692,127
4693,127
4694,127
4695,127
4696,127
4697,127
4698,127
4699,127
4700,127
4701,127
4702,127
4703,127
4704,127
4705,127
4706,127
4707,127
4708,127
4709,127
4710,127
4711,127
4712,127
4713,127
4714,127
4715,127
4716,127
4717,127
4718,127
4719,127
4720,127
4721,127
4722,127
4723,127
4724,127
4725,127
4726,127
4727,127
4728,127
4729,127
4730,127
4731,127
4732,127
4733,127
4734,127
4735,127
4736,127
4737,127
4738,127
4739,127
4740,127
4741,127
4742,127
4743,127
4744,127
4745,127
4746,127
4747,127
4748,127
4749,127
4750,128
4751,128
4752,128
4753,128
4754,128
4755,128
4756,128
4757,128
4758,128
4759,128
4760,128
4761,128
4762,128
4763,129
4764,129
4765,129
4766,129
4767,129
4768,129
4769,129
4770,129
4771,129
4772,129
4773,129
4774,129
4775,129
4776,129
4777,129
4778,129
4779,129
4780,129
4781,129
4782,129
4783,129
4784,129
4785,129
4786,129
4787,129
4788,129
4789,129
4790,129
4791,129
4792,129
4793,129
4794,129
4795,130
4796,130
4797,130
4798,130
4799,130
4800,130
4801,130
4802,130
4803,130
4804,130
4805,130
4806,130
4807,130
4808,130
4809,130
4810,130
4811,130
4812,130
4813,130
4814,130
4815,130
4816,130
4817,130
4818,130
4819,130
4820,130
4821,130
4822,130
4823,130
4824,130
4825,130
4826,130
4827,130
4828,130
4829,130
4830,130
4831,130
4832,130
4833,130
4834,130
4835,130
4836,130
4837,130
4838,130
4839,130
4840,130
4841,130
4842,131
4843,131
4844,131
4845,131
4846,132
4847,132
4848,132
4849,132
4850,132
4851,132
4852,132
4853,132
4854,132
4855,132
4856,132
4857,133
4858,133
4859,134
4860,134
4861,134
4862,134
4863,134
4864,134
4865,134
4866,134
4867,134
4868,134
4869,134
4870,134
4871,134
4872,134
4873,134
4874,134
4875,134
4876,134
4877,134
4878,134
4879,134
4880,134
4881,134
4882,134
4883,134
4884,134
4885,134
4886,134
4887,134
4888,134
4889,134
4890,134
4891,134
4892,135
4893,135
4894,135
4895,135
4896,135
4897,135
4898,135
4899,135
4900,135
4901,135
4902,135
4903,135
4904,135
4905,135
4906,135
4907,135
4908,135
4909,135
4910,135
4911,135
4912,135
4913,135
4914,135
4915,135
4916,135
4917,135
4918,135
4919,135
4920,135
4921,135
4922,135
4923,135
4924,135
4925,135
4926,135
4927,135
4928,135
4929,135
4930,135
4931,135
4932,135
4933,135
4934,135
4935,136
4936,136
4937,136
4938,136
4939,136
4940,136
4941,136
4942,136
4943,136
4944,136
4945,136
4946,136
4947,136
4948,137
4949,137
4950,137
4951,137
4952,137
4953,137
4954,137
4955,137
4956,137
4957,137
4958,137
4959,137
4960,137
4961,137
4962,137
4963,137
4964,137
4965,137
4966,137
4967,137
4968,137
4969,137
4970,137
4971,137
4972,137
4973,137
4974,137
4975,137
4976,137
4977,137
4978,137
4979,137
4980,137
4981,137
4982,137
4983,137
4984,137
4985,138
4986,138
4987,138
4988,138
4989,138
4990,138
4991,138
4992,138
4993,138
4994,138
4995,138
4996,138
4997,138
4998,138
4999,138
5000,138
5001,138
5002,138
5003,138
5004,138
5005,138
5006,138
5007,138
5008,138
5009,138
5010,138
5011,138
5012,138
5013,138
5014,138
5015,138
5016,138
5017,139
5018,139
5019,139
5020,139
5021,139
5022,139
5023,139
5024,139
5025,139
5026,139
5027,139
5028,139
5029,139
5030,139
5031,139
5032,139
5033,139
5034,139
5035,139
5036,139
5037,139
5038,139
5039,139
5040,139
5041,139
5042,139
5043,139
5044,139
5045,139
5046,139
5047,139
5048,139
5049,139
5050,139
5051,139
5052,139
5053,139
5054,139
5055,139
5056,139
5057,139
5058,139
5059,139
5060,139
5061,139
5062,139
5063,139
5064,139
5065,139
5066,139
5067,139
5068,139
5069,139
5070,139
5071,139
5072,139
5073,140
5074,140
5075,140
5076,140
5077,140
5078,140
5079,140
5080,140
5081,140
5082,140
5083,140
5084,140
5085,140
5086,140
5087,140
5088,140
5089,140
5090,140
5091,140
5092,140
5093,140
5094,140
5095,140
5096,140
5097,140
5098,140
5099,140
5100,140
5101,140
5102,140
5103,140
5104,140
5105,140
5106,140
5107,140
5108,140
5109,140
5110,140
5111,140
5112,140
5113,140
5114,140
5115,140
5116,140
5117,140
5118,140
5119,140
5120,140
5121,140
5122,140
5123,140
5124,140
5125,140
5126,140
5127,140
5128,140
5129,140
5130,140
5131,140
5132,140
5133,140
5134,140
5135,140
5136,141
5137,141
5138,141
5139,141
5140,141
5141,141
5142,141
5143,141
5144,141
5145,141
5146,141
5147,141
5148,141
5149,141
5150,141
5151,141
5152,141
5153,141
5154,141
5155,141
5156,141
5157,141
5158,141
5159,141
5160,141
5161,141
5162,141
5163,141
5164,141
5165,141
5166,141
5167,141
5168,141
5169,141
5170,141
5171,141
5172,141
5173,141
5174,141
5175,141
5176,141
5177,141
5178,141
5179,141
5180,141
5181,141
5182,141
5183,141
5184,141
5185,141
5186,141
5187,141
5188,141
5189,141
5190,141
5191,141
5192,141
5193,142
5194,142
5195,142
5196,142
5197,142
5198,142
5199,142
5200,142
5201,142
5202,142
5203,142
5204,142
5205,142
5206,142
5207,142
5208,142
5209,142
5210,142
5211,142
5212,142
5213,142
5214,142
5215,142
5216,142
5217,142
5218,142
5219,142
5220,142
5221,142
5222,142
5223,142
5224,142
5225,142
5226,142
5227,142
5228,142
5229,142
5230,142
5231,142
5232,142
5233,142
5234,142
5235,142
5236,142
5237,142
5238,142
5239,143
5240,143
5241,143
5242,143
5243,143
5244,143
5245,143
5246,143
5247,143
5248,143
5249,143
5250,143
5251,143
5252,143
5253,143
5254,143
5255,143
5256,143
5257,143
5258,143
5259,143
5260,143
5261,143
5262,143
5263,143
5264,143
5265,143
5266,143
5267,143
5268,143
5269,143
5270,143
5271,143
5272,143
5273,143
5274,143
5275,143
5276,143
5277,143
5278,143
5279,143
5280,143
5281,143
5282,143
5283,143
5284,143
5285,143
5286,143
5287,143
5288,143
5289,143
5290,143
5291,143
5292,143
5293,143
5294,143
5295,143
5296,143
5297,143
5298,143
5299,143
5300,144
5301,144
5302,144
5303,144
5304,144
5305,144
5306,144
5307,144
5308,144
5309,144
5310,144
5311,144
5312,144
5313,144
5314,144
5315,144
5316,144
5317,144
5318,144
5319,145
5320,145
5321,145
5322,145
5323,145
5324,145
5325,145
5326,145
5327,145
5328,145
5329,145
5330,145
5331,145
5332,145
5333,145
5334,145
5335,145
5336,145
5337,145
5338,145
5339,145
5340,145
5341,145
5342,145
5343,145
5344,145
5345,145
5346,145
5347,146
5348,146
5349,146
5350,146
5351,146
5352,146
5353,146
5354,146
5355,146
5356,146
5357,146
5358,146
5359,147
5360,147
5361,147
5362,147
5363,147
5364,147
5365,147
5366,147
5367,147
5368,147
5369,147
5370,147
5371,147
5372,147
5373,147
5374,147
5375,147
5376,147
5377,147
5378,147
5379,147
5380,147
5381,147
5382,147
5383,147
5384,147
5385,147
5386,147
5387,147
5388,147
5389,147
5390,147
5391,147
5392,147
5393,147
5394,147
5395,147
5396,147
5397,147
5398,147
5399,147
5400,147
5401,147
5402,147
5403,147
5404,147
5405,147
5406,147
5407,147
5408,147
5409,147
5410,147
5411,147
5412,147
5413,147
5414,147
5415,147
5416,147
5417,147
5418,147
5419,147
5420,147
5421,147
5422,147
5423,147
5424,147
5425,147
5426,147
5427,147
5428,147
5429,147
5430,147
5431,147
5432,147
5433,147
5434,147
5435,147
5436,147
5437,147
5438,147
5439,147
5440,147
5441,147
5442,147
5443,147
5444,147
5445,147
5446,147
5447,147
5448,147
5449,147
5450,147
5451,147
5452,147
5453,147
5454,147
5455,147
5456,147
5457,147
5458,147
5459,147
5460,147
5461,147
5462,147
5463,147
5464,147
5465,147
5466,147
5467,147
5468,147
5469,147
5470,147
5471,147
5472,147
5473,147
5474,147
5475,147
5476,147
5477,147
5478,147
5479,147
5480,147
5481,147
5482,147
5483,147
5484,147
5485,147
5486,147
5487,148
5488,148
5489,148
5490,148
5491,148
5492,148
5493,148
5494,149
5495,149
5496,149
5497,149
5498,149
5499,149
5500,149
5501,149
5502,149
5503,149
5504,149
5505,149
5506,149
5507,149
5508,149
5509,149
5510,150
5511,150
5512,150
5513,150
5514,150
5515,150
5516,150
5517,150
5518,150
5519,150
5520,150
5521,150
5522,151
5523,151
5524,151
5525,151
5526,151
5527,151
5528,151
5529,151
5530,151
5531,151
5532,152
5533,152
5534,152
5535,152
5536,152
5537,152
5538,152
5539,152
5540,152
5541,152
5542,152
5543,152
5544,152
5545,152
5546,152
5547,152
5548,152
5549,152
5550,152
5551,152
5552,152
5553,152
5554,152
5555,152
5556,152
5557,152
5558,152
5559,152
5560,152
5561,152
5562,152
5563,152
5564,152
5565,152
5566,152
5567,152
5568,152
5569,152
5570,152
5571,152
5572,152
5573,152
5574,152
5575,152
5576,152
5577,152
5578,152
5579,152
5580,152
5581,152
5582,152
5583,152
5584,152
5585,152
5586,152
5587,152
5588,152
5589,152
5590,152
5591,152
5592,152
5593,152
5594,152
5595,152
5596,152
5597,152
5598,152
5599,152
5600,152
5601,152
5602,152
5603,152
5604,152
5605,152
5606,152
5607,152
5608,152
5609,152
5610,152
5611,152
5612,152
5613,152
5614,152
5615,152
5616,152
5617,152
5618,152
5619,152
5620,152
5621,152
5622,152
5623,152
5624,152
5625,152
5626,152
5627,152
5628,152
5629,152
5630,152
5631,152
5632,152
5633,152
5634,152
5635,152
5636,152
5637,152
5638,152
5639,152
5640,152
5641,152
5642,152
5643,152
5644,153
5645,153
5646,153
5647,153
5648,153
5649,153
5650,153
5651,153
5652,153
5653,153
5654,153
5655,153
5656,153
5657,153
5658,153
5659,153
5660,153
5661,153
5662,153
5663,153
5664,153
5665,153
5666,153
5667,153
5668,153
5669,153
5670,153
5671,153
5672,154
5673,154
5674,154
5675,154
5676,154
5677,154
5678,154
5679,154
5680,154
5681,154
5682,154
5683,154
5684,154
5685,154
5686,154
5687,154
5688,154
5689,154
5690,154
5691,154
5692,154
5693,154
5694,154
5695,154
5696,154
5697,154
5698,154
5699,154
5700,154
5701,154
5702,154
5703,154
5704,154
5705,154
5706,154
5707,155
5708,155
5709,155
5710,155
5711,155
5712,155
5713,155
5714,155
5715,155
5716,155
5717,155
5718,155
5719,155
5720,155
5721,155
5722,155
5723,155
5724,155
5725,155
5726,155
5727,155
